<?xml version="1.0" ?>
<ram-component manifest-version="2.0.02" name="PersistentProfile" version="0" release="0" clevel="0" modelioVersion="4.0.01" provider="">
  <description><![CDATA[]]></description>
  <dependencies></dependencies>
  <contributors></contributors>
  <metamodels>
    <metamodel name="Infrastructure" version="2.1.03"/>
  </metamodels>
  <roots>
    <root metaclass="Infrastructure.ModuleComponent" name="PersistentProfile" uuid="f83e4fa4-ad92-11de-80db-0014224f9977"/>
  </roots>
</ram-component>